workload,variant,structure,n,time_ms,steps,moves,comparisons
W1,-,DynamicArray,100,0.440800,10000,0,0
W1,-,MyLinkedList,100,0.900200,501508,0,0
W1,-,DynamicArray,1000,0.441100,10000,0,0
W1,-,MyLinkedList,1000,9.912500,5005208,0,0
W1,-,DynamicArray,10000,0.075800,10000,0,0
W1,-,MyLinkedList,10000,113.704100,50129208,0,0
W1,-,DynamicArray,100000,0.138900,10000,0,0
W1,-,MyLinkedList,100000,1271.007900,502489208,0,0
W2,-,DynamicArray,100,0.552600,75572,0,75572
W2,-,MyLinkedList,100,0.546700,75072,0,75572
W2,-,DynamicArray,1000,1.014700,754448,0,754448
W2,-,MyLinkedList,1000,2.372800,753948,0,754448
W2,-,DynamicArray,10000,4.354800,7553862,0,7553862
W2,-,MyLinkedList,10000,23.908900,7553362,0,7553862
W2,-,DynamicArray,100000,41.303900,74654387,0,74654387
W2,-,MyLinkedList,100000,262.138200,74653887,0,74654387
W3,head,DynamicArray,100,11.331000,1201500,1201500,0
W3,head,MyLinkedList,100,0.102800,0,2000,0
W3,middle,DynamicArray,100,0.208000,1101500,1101500,0
W3,middle,MyLinkedList,100,0.324000,98000,2000,0
W3,head,DynamicArray,1000,0.322500,3001000,3001000,0
W3,head,MyLinkedList,1000,0.245500,0,2000,0
W3,middle,DynamicArray,1000,0.260100,2001000,2001000,0
W3,middle,MyLinkedList,1000,2.152000,998000,2000,0
W3,head,DynamicArray,10000,1.542700,21010000,21010000,0
W3,head,MyLinkedList,10000,0.118800,0,2000,0
W3,middle,DynamicArray,10000,1.027700,11010000,11010000,0
W3,middle,MyLinkedList,10000,21.760600,9998000,2000,0
W3,head,DynamicArray,100000,23.632300,201100000,201100000,0
W3,head,MyLinkedList,100000,0.020300,0,2000,0
W3,middle,DynamicArray,100000,10.385600,101100000,101100000,0
W3,middle,MyLinkedList,100000,228.159400,99998000,2000,0
W4,-,MinHeap,100,0.198400,2449,1907,1069
W4,-,MinHeap,1000,0.425800,37651,29047,17322
W4,-,MinHeap,10000,2.601000,514935,394837,239284
W4,-,MinHeap,100000,19.497700,6449621,4917386,3059283
